{"cameraMode":{"drawMode":0,"name":"Shaded","section":"Shading Mode"},"sceneLighting":true,"audioPlay":false,"sceneViewState":{"m_AlwaysRefresh":false,"showFog":true,"showSkybox":true,"showFlares":true,"showImageEffects":true,"showParticleSystems":true,"showVisualEffectGraphs":true,"m_FxEnabled":true},"in2DMode":false,"pivot":{"x":23.909700393676759,"y":14.24257755279541,"z":-11.438690185546875},"rotation":{"x":0.09282246977090836,"y":-0.029864536598324777,"z":0.002785633783787489,"w":0.9952083826065064},"size":13.73952579498291,"orthographic":false}